-- phpMyAdmin SQL Dump
-- version 5.2.1
-- https://www.phpmyadmin.net/
--
-- Host: 127.0.0.1
-- Waktu pembuatan: 02 Sep 2024 pada 12.21
-- Versi server: 10.1.9-MariaDB
-- Versi PHP: 8.0.29

SET SQL_MODE = "NO_AUTO_VALUE_ON_ZERO";
START TRANSACTION;
SET time_zone = "+00:00";


/*!40101 SET @OLD_CHARACTER_SET_CLIENT=@@CHARACTER_SET_CLIENT */;
/*!40101 SET @OLD_CHARACTER_SET_RESULTS=@@CHARACTER_SET_RESULTS */;
/*!40101 SET @OLD_COLLATION_CONNECTION=@@COLLATION_CONNECTION */;
/*!40101 SET NAMES utf8mb4 */;

--
-- Database: `absensi_karyawan`
--

-- --------------------------------------------------------

--
-- Struktur dari tabel `gedung`
--

CREATE TABLE `gedung` (
  `gedung_id` int(11) NOT NULL,
  `nama_gedung` varchar(50) NOT NULL,
  `alamat` varchar(50) NOT NULL
) ENGINE=InnoDB DEFAULT CHARSET=latin1;

--
-- Dumping data untuk tabel `gedung`
--

INSERT INTO `gedung` (`gedung_id`, `nama_gedung`, `alamat`) VALUES
(15, 'TKJ', 'TEKNIK KOMPUTER JARINGAN'),
(16, 'AKT', 'AKUNTANSI'),
(17, '-', '-');

-- --------------------------------------------------------

--
-- Struktur dari tabel `groups`
--

CREATE TABLE `groups` (
  `id` mediumint(8) UNSIGNED NOT NULL,
  `name` varchar(20) NOT NULL,
  `description` varchar(100) NOT NULL
) ENGINE=InnoDB DEFAULT CHARSET=utf8;

--
-- Dumping data untuk tabel `groups`
--

INSERT INTO `groups` (`id`, `name`, `description`) VALUES
(1, 'admin', 'Administrator'),
(3, 'Operator', 'Operator');

-- --------------------------------------------------------

--
-- Struktur dari tabel `jabatan`
--

CREATE TABLE `jabatan` (
  `id_jabatan` int(11) NOT NULL,
  `nama_jabatan` varchar(20) NOT NULL
) ENGINE=InnoDB DEFAULT CHARSET=latin1;

--
-- Dumping data untuk tabel `jabatan`
--

INSERT INTO `jabatan` (`id_jabatan`, `nama_jabatan`) VALUES
(7, 'KEPALA SEKOLAH'),
(8, 'GURU PENGAJAR'),
(9, 'GURU TATA USAHA');

-- --------------------------------------------------------

--
-- Struktur dari tabel `karyawan`
--

CREATE TABLE `karyawan` (
  `id` int(11) NOT NULL,
  `id_karyawan` varchar(20) NOT NULL,
  `NIP` varchar(30) NOT NULL,
  `nama_karyawan` varchar(30) NOT NULL,
  `jabatan` int(11) NOT NULL,
  `id_shift` int(20) NOT NULL,
  `gedung_id` int(11) NOT NULL
) ENGINE=InnoDB DEFAULT CHARSET=latin1 ROW_FORMAT=COMPACT;

--
-- Dumping data untuk tabel `karyawan`
--

INSERT INTO `karyawan` (`id`, `id_karyawan`, `NIP`, `nama_karyawan`, `jabatan`, `id_shift`, `gedung_id`) VALUES
(136, 'G2301001', '5540776677230012', 'IRMA NURFITRIA S.Ak', 8, 13, 16),
(137, 'G2301136', '4042762663130213', 'MAMAN SUPARMAN S.Pd', 8, 20, 16),
(138, 'G2301137', '9359772673130103', 'AHMAD NASIR S.Ak', 8, 12, 16),
(139, 'G2301138', '-', 'RIZKA ROBIATUL ADDAWIYAH S.Pd', 8, 11, 16),
(140, 'G2301139', '6435776677230012', 'MILA AMALIA S.Ak', 8, 17, 16),
(141, 'G2301140', '-', 'DENDI KURNIAWAN S.T', 8, 18, 15),
(142, 'G2301141', '-', 'NENDA PUTRI SUCIATY', 8, 14, 15),
(143, 'G2301142', '-', 'ANWAR SANUSI', 8, 16, 15),
(144, 'G2301143', '3852774675230072', 'RISVIA YOSI KUSUMA S.Pd', 8, 15, 15);

-- --------------------------------------------------------

--
-- Struktur dari tabel `kehadiran`
--

CREATE TABLE `kehadiran` (
  `id_khd` int(11) NOT NULL,
  `nama_khd` varchar(10) NOT NULL
) ENGINE=InnoDB DEFAULT CHARSET=latin1;

--
-- Dumping data untuk tabel `kehadiran`
--

INSERT INTO `kehadiran` (`id_khd`, `nama_khd`) VALUES
(1, 'Hadir'),
(2, 'Sakit'),
(3, 'Ijin'),
(4, 'Alpha'),
(5, 'Lepas/Off');

-- --------------------------------------------------------

--
-- Struktur dari tabel `login_attempts`
--

CREATE TABLE `login_attempts` (
  `id` int(11) UNSIGNED NOT NULL,
  `ip_address` varchar(45) NOT NULL,
  `login` varchar(100) NOT NULL,
  `time` int(11) UNSIGNED DEFAULT NULL
) ENGINE=InnoDB DEFAULT CHARSET=utf8;

-- --------------------------------------------------------

--
-- Struktur dari tabel `menu`
--

CREATE TABLE `menu` (
  `id` int(11) NOT NULL,
  `name` varchar(50) NOT NULL,
  `link` varchar(50) NOT NULL,
  `icon` varchar(30) NOT NULL,
  `protected` tinyint(4) DEFAULT NULL,
  `is_active` int(1) NOT NULL,
  `is_parent` int(1) UNSIGNED NOT NULL,
  `sort` int(10) UNSIGNED NOT NULL
) ENGINE=InnoDB DEFAULT CHARSET=latin1;

--
-- Dumping data untuk tabel `menu`
--

INSERT INTO `menu` (`id`, `name`, `link`, `icon`, `protected`, `is_active`, `is_parent`, `sort`) VALUES
(15, 'menu management', 'menu', 'fa fa-list-alt', NULL, 1, 42, 14),
(16, 'master data', 'sdf', 'fa fa-folder', NULL, 1, 0, 1),
(18, 'Data Guru', 'karyawan', 'fa fa-user', NULL, 1, 16, 2),
(19, 'Data Jabatan', 'jabatan', 'fa fa-briefcase', NULL, 1, 16, 3),
(21, 'Data Mata Pelajaran', 'shift', 'fa fa-retweet', NULL, 1, 16, 4),
(22, 'Data Jurusan', 'lokasi', 'fa fa-location-arrow', NULL, 1, 16, 5),
(31, 'Ambil QR Code', 'GenBar', 'fa fa-qrcode', NULL, 1, 0, 6),
(33, 'Scan QRCODE', 'scan', 'fa fa-search-plus', NULL, 1, 0, 7),
(35, 'User management', 'users', 'fa fa-users', NULL, 1, 42, 13),
(36, 'Histori Absensi', 'presensi', 'fa fa-paperclip', NULL, 1, 41, 9),
(39, 'Rekap Absensi', 'rekap', 'fa fa-list-alt', NULL, 1, 41, 10),
(41, 'Data Absensi', 'dataabs', 'far fa-folder-open', NULL, 1, 0, 8),
(42, 'setting', 'setting', 'fas fa-cogs', NULL, 1, 0, 11);

-- --------------------------------------------------------

--
-- Struktur dari tabel `presensi`
--

CREATE TABLE `presensi` (
  `id_absen` int(11) NOT NULL,
  `id_karyawan` varchar(20) NOT NULL,
  `tgl` date NOT NULL,
  `jam_msk` time NOT NULL,
  `jam_klr` time NOT NULL,
  `id_khd` int(11) DEFAULT NULL,
  `ket` varchar(150) NOT NULL,
  `id_status` int(11) NOT NULL
) ENGINE=InnoDB DEFAULT CHARSET=latin1;

--
-- Dumping data untuk tabel `presensi`
--

INSERT INTO `presensi` (`id_absen`, `id_karyawan`, `tgl`, `jam_msk`, `jam_klr`, `id_khd`, `ket`, `id_status`) VALUES
(100, 'S2008001', '2022-10-27', '09:58:40', '09:59:18', 1, '', 2),
(101, 'G2301141', '2023-01-06', '06:16:32', '06:16:50', 1, '', 2),
(102, 'G2301137', '2023-01-06', '06:17:18', '06:17:22', 1, '', 2),
(103, 'G2301143', '2023-01-06', '06:17:58', '06:18:03', 1, '', 2),
(104, 'G2301142', '2023-01-25', '10:49:25', '10:50:30', 1, '', 2),
(105, 'G2301141', '2023-01-25', '01:42:12', '01:42:52', 1, '', 2);

-- --------------------------------------------------------

--
-- Struktur dari tabel `shift`
--

CREATE TABLE `shift` (
  `id_shift` int(11) NOT NULL,
  `nama_shift` varchar(20) NOT NULL
) ENGINE=InnoDB DEFAULT CHARSET=latin1;

--
-- Dumping data untuk tabel `shift`
--

INSERT INTO `shift` (`id_shift`, `nama_shift`) VALUES
(10, '-'),
(11, 'EKONOMI BISNIS'),
(12, 'AKUNTANSI KEUANGAN'),
(13, 'PERBANKAN DASAR'),
(14, 'SISTEM KOMPUTER'),
(15, 'BAHASA INGGRIS'),
(16, 'PEMROGRAMAN DASAR'),
(17, 'KOMPUTER AKUNTANSI'),
(18, 'ADMINISTRASI INFRAST'),
(19, 'TEKNOLOGI LAYANAN JA'),
(20, 'ETIKA PROFESI');

-- --------------------------------------------------------

--
-- Struktur dari tabel `stts`
--

CREATE TABLE `stts` (
  `id_status` int(11) NOT NULL,
  `nama_status` varchar(15) NOT NULL
) ENGINE=InnoDB DEFAULT CHARSET=latin1;

--
-- Dumping data untuk tabel `stts`
--

INSERT INTO `stts` (`id_status`, `nama_status`) VALUES
(1, 'Masuk'),
(2, 'Pulang'),
(3, 'tidak hadir');

-- --------------------------------------------------------

--
-- Struktur dari tabel `users`
--

CREATE TABLE `users` (
  `id` int(11) UNSIGNED NOT NULL,
  `ip_address` varchar(45) NOT NULL,
  `username` varchar(100) DEFAULT NULL,
  `password` varchar(255) NOT NULL,
  `email` varchar(254) NOT NULL,
  `activation_selector` varchar(255) DEFAULT NULL,
  `activation_code` varchar(255) DEFAULT NULL,
  `forgotten_password_selector` varchar(255) DEFAULT NULL,
  `forgotten_password_code` varchar(255) DEFAULT NULL,
  `forgotten_password_time` int(11) UNSIGNED DEFAULT NULL,
  `remember_selector` varchar(255) DEFAULT NULL,
  `remember_code` varchar(255) DEFAULT NULL,
  `created_on` int(11) UNSIGNED NOT NULL,
  `last_login` int(11) UNSIGNED DEFAULT NULL,
  `active` tinyint(1) UNSIGNED DEFAULT NULL,
  `first_name` varchar(50) DEFAULT NULL,
  `last_name` varchar(50) DEFAULT NULL,
  `company` varchar(100) DEFAULT NULL,
  `phone` varchar(20) DEFAULT NULL
) ENGINE=InnoDB DEFAULT CHARSET=utf8;

--
-- Dumping data untuk tabel `users`
--

INSERT INTO `users` (`id`, `ip_address`, `username`, `password`, `email`, `activation_selector`, `activation_code`, `forgotten_password_selector`, `forgotten_password_code`, `forgotten_password_time`, `remember_selector`, `remember_code`, `created_on`, `last_login`, `active`, `first_name`, `last_name`, `company`, `phone`) VALUES
(26, '::1', 'admin@admin.com', '$2y$12$MPcQlOck9fzd/5UjJ6iIXuhZivhkXdfoVD2xFXpZTnZ2IWQw/nFhW', 'admin@admin.com', NULL, NULL, NULL, NULL, NULL, NULL, NULL, 1556798313, 1725271290, 1, 'admin', 'nistator', NULL, '123412341234'),
(46, '::1', 'operator@operator.com', '$2y$10$ibxBt.RYG7jib0JxBxB1.usc9pzjqUqPPTvwLgPp1gMRKg6VMLLei', 'operator@operator.com', NULL, NULL, NULL, NULL, NULL, NULL, NULL, 1562178403, 1674629059, 1, 'operator', '2', NULL, '34890234809238490'),
(47, '::1', 'staff@staff.com', '$2y$12$RHPXgho6UJLQWv8W3F9oJekbSnFYXyhNADZvuqaYmGEoUD6Yl1Hd.', 'staff@staff.com', NULL, NULL, NULL, NULL, NULL, NULL, NULL, 1564294648, 1564294659, 1, 'staf', 'staff', NULL, '239423849234890');

-- --------------------------------------------------------

--
-- Struktur dari tabel `users_groups`
--

CREATE TABLE `users_groups` (
  `id` int(11) UNSIGNED NOT NULL,
  `user_id` int(11) UNSIGNED NOT NULL,
  `group_id` mediumint(8) UNSIGNED NOT NULL
) ENGINE=InnoDB DEFAULT CHARSET=utf8;

--
-- Dumping data untuk tabel `users_groups`
--

INSERT INTO `users_groups` (`id`, `user_id`, `group_id`) VALUES
(29, 26, 1),
(49, 46, 3),
(50, 47, 1);

--
-- Indexes for dumped tables
--

--
-- Indeks untuk tabel `gedung`
--
ALTER TABLE `gedung`
  ADD PRIMARY KEY (`gedung_id`);

--
-- Indeks untuk tabel `groups`
--
ALTER TABLE `groups`
  ADD PRIMARY KEY (`id`);

--
-- Indeks untuk tabel `jabatan`
--
ALTER TABLE `jabatan`
  ADD PRIMARY KEY (`id_jabatan`);

--
-- Indeks untuk tabel `karyawan`
--
ALTER TABLE `karyawan`
  ADD PRIMARY KEY (`id`);

--
-- Indeks untuk tabel `kehadiran`
--
ALTER TABLE `kehadiran`
  ADD PRIMARY KEY (`id_khd`);

--
-- Indeks untuk tabel `login_attempts`
--
ALTER TABLE `login_attempts`
  ADD PRIMARY KEY (`id`);

--
-- Indeks untuk tabel `menu`
--
ALTER TABLE `menu`
  ADD PRIMARY KEY (`id`);

--
-- Indeks untuk tabel `presensi`
--
ALTER TABLE `presensi`
  ADD PRIMARY KEY (`id_absen`);

--
-- Indeks untuk tabel `shift`
--
ALTER TABLE `shift`
  ADD PRIMARY KEY (`id_shift`);

--
-- Indeks untuk tabel `stts`
--
ALTER TABLE `stts`
  ADD PRIMARY KEY (`id_status`);

--
-- Indeks untuk tabel `users`
--
ALTER TABLE `users`
  ADD PRIMARY KEY (`id`),
  ADD UNIQUE KEY `uc_email` (`email`),
  ADD UNIQUE KEY `uc_activation_selector` (`activation_selector`),
  ADD UNIQUE KEY `uc_forgotten_password_selector` (`forgotten_password_selector`),
  ADD UNIQUE KEY `uc_remember_selector` (`remember_selector`);

--
-- Indeks untuk tabel `users_groups`
--
ALTER TABLE `users_groups`
  ADD PRIMARY KEY (`id`),
  ADD UNIQUE KEY `uc_users_groups` (`user_id`,`group_id`),
  ADD KEY `fk_users_groups_users1_idx` (`user_id`),
  ADD KEY `fk_users_groups_groups1_idx` (`group_id`);

--
-- AUTO_INCREMENT untuk tabel yang dibuang
--

--
-- AUTO_INCREMENT untuk tabel `gedung`
--
ALTER TABLE `gedung`
  MODIFY `gedung_id` int(11) NOT NULL AUTO_INCREMENT, AUTO_INCREMENT=18;

--
-- AUTO_INCREMENT untuk tabel `groups`
--
ALTER TABLE `groups`
  MODIFY `id` mediumint(8) UNSIGNED NOT NULL AUTO_INCREMENT, AUTO_INCREMENT=4;

--
-- AUTO_INCREMENT untuk tabel `jabatan`
--
ALTER TABLE `jabatan`
  MODIFY `id_jabatan` int(11) NOT NULL AUTO_INCREMENT, AUTO_INCREMENT=10;

--
-- AUTO_INCREMENT untuk tabel `karyawan`
--
ALTER TABLE `karyawan`
  MODIFY `id` int(11) NOT NULL AUTO_INCREMENT, AUTO_INCREMENT=145;

--
-- AUTO_INCREMENT untuk tabel `kehadiran`
--
ALTER TABLE `kehadiran`
  MODIFY `id_khd` int(11) NOT NULL AUTO_INCREMENT, AUTO_INCREMENT=6;

--
-- AUTO_INCREMENT untuk tabel `login_attempts`
--
ALTER TABLE `login_attempts`
  MODIFY `id` int(11) UNSIGNED NOT NULL AUTO_INCREMENT, AUTO_INCREMENT=2;

--
-- AUTO_INCREMENT untuk tabel `menu`
--
ALTER TABLE `menu`
  MODIFY `id` int(11) NOT NULL AUTO_INCREMENT, AUTO_INCREMENT=43;

--
-- AUTO_INCREMENT untuk tabel `presensi`
--
ALTER TABLE `presensi`
  MODIFY `id_absen` int(11) NOT NULL AUTO_INCREMENT, AUTO_INCREMENT=106;

--
-- AUTO_INCREMENT untuk tabel `shift`
--
ALTER TABLE `shift`
  MODIFY `id_shift` int(11) NOT NULL AUTO_INCREMENT, AUTO_INCREMENT=21;

--
-- AUTO_INCREMENT untuk tabel `stts`
--
ALTER TABLE `stts`
  MODIFY `id_status` int(11) NOT NULL AUTO_INCREMENT, AUTO_INCREMENT=4;

--
-- AUTO_INCREMENT untuk tabel `users`
--
ALTER TABLE `users`
  MODIFY `id` int(11) UNSIGNED NOT NULL AUTO_INCREMENT, AUTO_INCREMENT=48;

--
-- AUTO_INCREMENT untuk tabel `users_groups`
--
ALTER TABLE `users_groups`
  MODIFY `id` int(11) UNSIGNED NOT NULL AUTO_INCREMENT, AUTO_INCREMENT=51;

--
-- Ketidakleluasaan untuk tabel pelimpahan (Dumped Tables)
--

--
-- Ketidakleluasaan untuk tabel `users_groups`
--
ALTER TABLE `users_groups`
  ADD CONSTRAINT `fk_users_groups_groups1` FOREIGN KEY (`group_id`) REFERENCES `groups` (`id`) ON DELETE CASCADE ON UPDATE NO ACTION,
  ADD CONSTRAINT `fk_users_groups_users1` FOREIGN KEY (`user_id`) REFERENCES `users` (`id`) ON DELETE CASCADE ON UPDATE NO ACTION;
COMMIT;

/*!40101 SET CHARACTER_SET_CLIENT=@OLD_CHARACTER_SET_CLIENT */;
/*!40101 SET CHARACTER_SET_RESULTS=@OLD_CHARACTER_SET_RESULTS */;
/*!40101 SET COLLATION_CONNECTION=@OLD_COLLATION_CONNECTION */;
